Date,Closing Price (USD)
11/03/2014,331.60
11/04/2014,324.72
11/05/2014,332.46
11/06/2014,336.59
11/07/2014,346.78
11/08/2014,344.81
11/09/2014,343.07
11/10/2014,358.50
11/11/2014,368.08
11/12/2014,377.00
13/11/2014,442.11
14/11/2014,389.00
15/11/2014,394.93
16/11/2014,377.08
17/11/2014,400.47
18/11/2014,384.93
19/11/2014,375.83
20/11/2014,376.16
21/11/2014,348.57
22/11/2014,352.42
23/11/2014,356.80
24/11/2014,367.83
25/11/2014,381.21
26/11/2014,375.50
27/11/2014,372.82
28/11/2014,368.98
29/11/2014,375.44
30/11/2014,376.85
12/01/2014,376.13
12/02/2014,377.86
12/03/2014,382.45
12/04/2014,376.38
12/05/2014,368.36
12/06/2014,373.41
12/07/2014,373.74
12/08/2014,373.16
12/09/2014,357.88
12/10/2014,348.90
12/11/2014,341.04
12/12/2014,348.27
13/12/2014,346.74
14/12/2014,347.35
15/12/2014,348.67
16/12/2014,338.55
17/12/2014,330.54
18/12/2014,317.41
19/12/2014,306.46
20/12/2014,319.20
21/12/2014,321.89
22/12/2014,320.03
23/12/2014,328.70
24/12/2014,332.05
25/12/2014,321.39
26/12/2014,318.56
27/12/2014,320.87
28/12/2014,316.01
29/12/2014,315.64
30/12/2014,313.99
31/12/2014,309.90
01/01/2015,317.20
01/02/2015,314.50
01/03/2015,311.14
01/04/2015,277.85
01/05/2015,270.81
01/06/2015,272.02
01/07/2015,283.84
01/08/2015,290.49
01/09/2015,281.04
01/10/2015,286.69
01/11/2015,277.65
01/12/2015,268.10
13/01/2015,243.08
14/01/2015,219.13
15/01/2015,193.35
16/01/2015,220.57
17/01/2015,209.17
18/01/2015,195.59
19/01/2015,212.27
20/01/2015,211.54
21/01/2015,212.28
22/01/2015,230.68
23/01/2015,226.30
24/01/2015,231.42
25/01/2015,251.61
26/01/2015,283.60
27/01/2015,258.54
28/01/2015,257.45
29/01/2015,235.95
30/01/2015,233.14
31/01/2015,226.94
02/01/2015,216.66
02/02/2015,229.80
02/03/2015,237.65
02/04/2015,225.84
02/05/2015,226.55
02/06/2015,219.76
02/07/2015,225.47
02/08/2015,225.73
02/09/2015,222.78
02/10/2015,220.17
02/11/2015,223.00
02/12/2015,218.73
13/02/2015,223.97
14/02/2015,237.66
15/02/2015,256.22
16/02/2015,230.14
17/02/2015,235.71
18/02/2015,242.93
19/02/2015,237.10
20/02/2015,241.07
21/02/2015,245.71
22/02/2015,245.15
23/02/2015,235.14
24/02/2015,238.93
25/02/2015,238.15
26/02/2015,235.68
27/02/2015,251.29
28/02/2015,251.03
03/01/2015,251.93
03/02/2015,258.85
03/03/2015,270.76
03/04/2015,278.12
03/05/2015,269.26
03/06/2015,274.90
03/07/2015,270.86
03/08/2015,276.73
03/09/2015,277.99
03/10/2015,294.19
03/11/2015,289.71
03/12/2015,292.87
13/03/2015,293.22
14/03/2015,282.64
15/03/2015,283.08
16/03/2015,290.62
17/03/2015,290.54
18/03/2015,283.75
19/03/2015,252.45
20/03/2015,263.47
21/03/2015,259.91
22/03/2015,259.39
23/03/2015,267.55
24/03/2015,265.27
25/03/2015,246.67
26/03/2015,245.65
27/03/2015,246.55
28/03/2015,248.45
29/03/2015,246.73
30/03/2015,245.11
31/03/2015,247.26
04/01/2015,243.30
04/02/2015,246.96
04/03/2015,252.06
04/04/2015,253.43
04/05/2015,252.03
04/06/2015,260.36
04/07/2015,252.09
04/08/2015,252.86
04/09/2015,244.04
04/10/2015,240.95
04/11/2015,236.44
04/12/2015,236.55
13/04/2015,235.52
14/04/2015,222.60
15/04/2015,220.91
16/04/2015,226.02
17/04/2015,227.93
18/04/2015,223.32
19/04/2015,223.41
20/04/2015,223.92
21/04/2015,224.98
22/04/2015,235.50
23/04/2015,234.16
24/04/2015,233.40
25/04/2015,228.92
26/04/2015,219.95
27/04/2015,219.19
28/04/2015,227.39
29/04/2015,225.35
30/04/2015,226.00
05/01/2015,236.68
05/02/2015,233.85
05/03/2015,236.24
05/04/2015,240.36
05/05/2015,235.60
05/06/2015,235.60
05/07/2015,230.42
05/08/2015,237.06
05/09/2015,244.70
05/10/2015,241.52
05/11/2015,239.40
05/12/2015,240.00
13/05/2015,241.35
14/05/2015,235.55
15/05/2015,237.57
16/05/2015,236.66
17/05/2015,236.34
18/05/2015,236.23
19/05/2015,233.31
20/05/2015,232.72
21/05/2015,234.20
22/05/2015,235.86
23/05/2015,240.16
24/05/2015,239.80
25/05/2015,240.94
26/05/2015,237.66
27/05/2015,237.18
28/05/2015,237.67
29/05/2015,237.23
30/05/2015,236.14
31/05/2015,233.33
06/01/2015,230.83
06/02/2015,223.42
06/03/2015,226.62
06/04/2015,225.44
06/05/2015,223.97
06/06/2015,224.25
06/07/2015,225.84
06/08/2015,223.69
06/09/2015,228.19
06/10/2015,229.20
06/11/2015,229.96
06/12/2015,229.91
13/06/2015,230.67
14/06/2015,233.14
15/06/2015,234.75
16/06/2015,237.40
17/06/2015,248.74
18/06/2015,247.24
19/06/2015,249.07
20/06/2015,240.79
21/06/2015,244.16
22/06/2015,244.96
23/06/2015,247.13
24/06/2015,243.37
25/06/2015,240.92
26/06/2015,242.32
27/06/2015,242.29
28/06/2015,250.38
29/06/2015,249.43
30/06/2015,258.39
07/01/2015,261.72
07/02/2015,259.63
07/03/2015,255.53
07/04/2015,253.88
07/05/2015,261.43
07/06/2015,267.61
07/07/2015,270.08
07/08/2015,264.36
07/09/2015,267.94
07/10/2015,269.25
07/11/2015,286.54
07/12/2015,301.04
13/07/2015,304.99
14/07/2015,290.93
15/07/2015,288.49
16/07/2015,287.56
17/07/2015,276.98
18/07/2015,278.33
19/07/2015,275.31
20/07/2015,274.28
21/07/2015,279.46
22/07/2015,274.87
23/07/2015,276.21
24/07/2015,276.24
25/07/2015,287.56
26/07/2015,287.84
27/07/2015,291.20
28/07/2015,293.15
29/07/2015,292.99
30/07/2015,288.62
31/07/2015,286.74
08/01/2015,282.34
08/02/2015,278.68
08/03/2015,279.49
08/04/2015,283.49
08/05/2015,284.24
08/06/2015,280.94
08/07/2015,275.93
08/08/2015,278.28
08/09/2015,261.75
08/10/2015,265.08
08/11/2015,264.88
08/12/2015,270.22
13/08/2015,264.14
14/08/2015,262.02
15/08/2015,265.40
16/08/2015,261.20
17/08/2015,258.01
18/08/2015,256.45
19/08/2015,230.38
20/08/2015,232.06
21/08/2015,234.56
22/08/2015,233.04
23/08/2015,231.21
24/08/2015,227.23
25/08/2015,203.18
26/08/2015,219.82
27/08/2015,224.54
28/08/2015,224.19
29/08/2015,230.94
30/08/2015,230.59
31/08/2015,227.18
09/01/2015,229.03
09/02/2015,226.29
09/03/2015,228.35
09/04/2015,227.15
09/05/2015,229.67
09/06/2015,240.70
09/07/2015,239.88
09/08/2015,242.02
09/09/2015,244.31
09/10/2015,237.99
09/11/2015,240.56
09/12/2015,239.82
13/09/2015,235.05
14/09/2015,229.16
15/09/2015,230.51
16/09/2015,230.98
17/09/2015,229.59
18/09/2015,233.24
19/09/2015,232.50
20/09/2015,231.34
21/09/2015,230.75
22/09/2015,227.79
23/09/2015,231.31
24/09/2015,231.10
25/09/2015,233.74
26/09/2015,234.92
27/09/2015,234.33
28/09/2015,237.21
29/09/2015,238.57
30/09/2015,238.06
10/01/2015,237.15
10/02/2015,238.06
10/03/2015,237.64
10/04/2015,239.00
10/05/2015,238.82
10/06/2015,240.63
10/07/2015,246.50
10/08/2015,244.50
10/09/2015,243.26
10/10/2015,244.97
10/11/2015,245.07
10/12/2015,247.65
13/10/2015,244.58
14/10/2015,249.46
15/10/2015,254.64
16/10/2015,255.73
17/10/2015,267.54
18/10/2015,270.04
19/10/2015,264.99
20/10/2015,264.93
21/10/2015,270.50
22/10/2015,267.47
23/10/2015,274.25
24/10/2015,279.98
25/10/2015,286.87
26/10/2015,284.29
27/10/2015,287.83
28/10/2015,300.54
29/10/2015,304.33
30/10/2015,326.56
31/10/2015,327.58
11/01/2015,311.70
11/02/2015,325.65
11/03/2015,369.51
11/04/2015,432.46
11/05/2015,434.32
11/06/2015,359.59
11/07/2015,377.64
11/08/2015,387.78
11/09/2015,370.65
11/10/2015,376.95
11/11/2015,311.70
11/12/2015,320.04
13/11/2015,337.89
14/11/2015,334.13
15/11/2015,333.95
16/11/2015,320.06
17/11/2015,337.76
18/11/2015,333.33
19/11/2015,334.02
20/11/2015,315.63
21/11/2015,321.48
22/11/2015,326.37
23/11/2015,322.61
24/11/2015,320.99
25/11/2015,318.34
26/11/2015,332.47
27/11/2015,349.14
28/11/2015,354.95
29/11/2015,356.81
30/11/2015,375.20
12/01/2015,377.80
12/02/2015,352.13
12/03/2015,366.79
12/04/2015,358.44
12/05/2015,369.96
12/06/2015,394.86
12/07/2015,391.62
12/08/2015,395.59
12/09/2015,421.42
12/10/2015,415.08
12/11/2015,421.81
12/12/2015,467.83
13/12/2015,435.09
14/12/2015,437.02
15/12/2015,453.68
16/12/2015,445.81
17/12/2015,451.10
18/12/2015,456.43
19/12/2015,464.22
20/12/2015,460.24
21/12/2015,435.64
22/12/2015,438.28
23/12/2015,437.99
24/12/2015,456.57
25/12/2015,455.74
26/12/2015,447.61
27/12/2015,419.34
28/12/2015,427.82
29/12/2015,422.74
30/12/2015,431.03
31/12/2015,424.96
01/01/2016,432.36
01/02/2016,433.77
01/03/2016,431.99
01/04/2016,431.69
01/05/2016,433.73
01/06/2016,427.16
01/07/2016,441.02
01/08/2016,457.17
01/09/2016,452.37
01/10/2016,445.33
01/11/2016,450.31
01/12/2016,446.61
13/01/2016,431.16
14/01/2016,431.41
15/01/2016,416.29
16/01/2016,372.74
17/01/2016,383.14
18/01/2016,380.82
19/01/2016,382.74
20/01/2016,378.78
21/01/2016,417.44
22/01/2016,403.27
23/01/2016,388.22
24/01/2016,388.54
25/01/2016,397.89
26/01/2016,390.72
27/01/2016,392.39
28/01/2016,381.36
29/01/2016,369.13
30/01/2016,376.95
31/01/2016,378.17
02/01/2016,372.16
02/02/2016,372.45
02/03/2016,372.76
02/04/2016,370.43
02/05/2016,386.95
02/06/2016,377.89
02/07/2016,376.44
02/08/2016,376.92
02/09/2016,372.43
02/10/2016,374.76
02/11/2016,379.19
02/12/2016,378.58
13/02/2016,388.87
14/02/2016,397.23
15/02/2016,405.62
16/02/2016,401.66
17/02/2016,407.02
18/02/2016,417.49
19/02/2016,421.96
20/02/2016,422.05
21/02/2016,439.61
22/02/2016,436.14
23/02/2016,438.75
24/02/2016,419.90
25/02/2016,422.62
26/02/2016,421.24
27/02/2016,433.40
28/02/2016,425.50
29/02/2016,438.28
03/01/2016,436.43
03/02/2016,434.00
03/03/2016,419.25
03/04/2016,421.60
03/05/2016,407.72
03/06/2016,397.88
03/07/2016,407.28
03/08/2016,414.21
03/09/2016,410.74
03/10/2016,411.67
03/11/2016,416.71
03/12/2016,415.04
13/03/2016,411.64
14/03/2016,414.21
15/03/2016,416.03
16/03/2016,414.17
17/03/2016,417.14
18/03/2016,417.15
19/03/2016,407.47
20/03/2016,409.24
21/03/2016,407.50
22/03/2016,415.13
23/03/2016,417.32
24/03/2016,415.84
25/03/2016,414.76
26/03/2016,416.85
27/03/2016,416.23
28/03/2016,424.30
29/03/2016,423.60
30/03/2016,414.61
31/03/2016,414.46
04/01/2016,416.01
04/02/2016,418.79
04/03/2016,418.94
04/04/2016,418.59
04/05/2016,422.04
04/06/2016,422.29
04/07/2016,420.55
04/08/2016,421.62
04/09/2016,415.75
04/10/2016,418.08
04/11/2016,421.19
04/12/2016,426.38
13/04/2016,426.84
14/04/2016,425.49
15/04/2016,426.28
16/04/2016,429.78
17/04/2016,430.45
18/04/2016,429.32
19/04/2016,428.52
20/04/2016,435.93
21/04/2016,443.76
22/04/2016,446.78
23/04/2016,447.23
24/04/2016,455.15
25/04/2016,458.63
26/04/2016,464.43
27/04/2016,466.06
28/04/2016,441.30
29/04/2016,446.24
30/04/2016,454.38
05/01/2016,449.11
05/02/2016,453.07
05/03/2016,443.68
05/04/2016,449.16
05/05/2016,447.74
05/06/2016,447.59
05/07/2016,458.86
05/08/2016,459.94
05/09/2016,458.71
05/10/2016,460.95
05/11/2016,454.39
05/12/2016,451.16
13/05/2016,453.70
14/05/2016,456.04
15/05/2016,456.09
16/05/2016,457.64
17/05/2016,454.28
18/05/2016,454.06
19/05/2016,453.49
20/05/2016,440.23
21/05/2016,442.95
22/05/2016,442.89
23/05/2016,440.55
24/05/2016,444.49
25/05/2016,447.04
26/05/2016,448.28
27/05/2016,467.26
28/05/2016,489.85
29/05/2016,516.05
30/05/2016,529.92
31/05/2016,537.23
06/01/2016,528.05
06/02/2016,538.57
06/03/2016,537.19
06/04/2016,571.14
06/05/2016,579.34
06/06/2016,578.85
06/07/2016,585.40
06/08/2016,576.23
06/09/2016,580.44
06/10/2016,574.95
06/11/2016,583.87
06/12/2016,633.21
13/06/2016,682.23
14/06/2016,695.16
15/06/2016,685.44
16/06/2016,732.36
17/06/2016,773.25
18/06/2016,736.39
19/06/2016,747.83
20/06/2016,758.90
21/06/2016,702.70
22/06/2016,657.01
23/06/2016,581.25
24/06/2016,657.09
25/06/2016,687.17
26/06/2016,657.22
27/06/2016,644.09
28/06/2016,655.94
29/06/2016,634.36
30/06/2016,635.09
07/01/2016,683.29
07/02/2016,678.57
07/03/2016,690.18
07/04/2016,670.74
07/05/2016,679.35
07/06/2016,676.87
07/07/2016,671.81
07/08/2016,640.48
07/09/2016,654.85
07/10/2016,649.36
07/11/2016,656.75
07/12/2016,648.14
13/07/2016,663.44
14/07/2016,654.02
15/07/2016,663.64
16/07/2016,666.56
17/07/2016,665.11
18/07/2016,681.24
19/07/2016,673.83
20/07/2016,673.01
21/07/2016,662.03
22/07/2016,666.75
23/07/2016,654.73
24/07/2016,654.90
25/07/2016,660.28
26/07/2016,655.42
27/07/2016,650.83
28/07/2016,656.92
29/07/2016,655.43
30/07/2016,656.68
31/07/2016,635.59
08/01/2016,621.37
08/02/2016,601.23
08/03/2016,555.93
08/04/2016,578.52
08/05/2016,570.34
08/06/2016,574.87
08/07/2016,588.52
08/08/2016,589.66
08/09/2016,586.72
08/10/2016,585.24
08/11/2016,594.82
08/12/2016,581.96
13/08/2016,584.87
14/08/2016,581.65
15/08/2016,571.96
16/08/2016,567.61
17/08/2016,575.54
18/08/2016,572.37
19/08/2016,573.02
20/08/2016,573.08
21/08/2016,581.35
22/08/2016,579.67
23/08/2016,585.51
24/08/2016,577.99
25/08/2016,574.58
26/08/2016,575.06
27/08/2016,575.34
28/08/2016,568.79
29/08/2016,574.50
30/08/2016,571.94
31/08/2016,573.78
09/01/2016,572.96
09/02/2016,570.10
09/03/2016,572.52
09/04/2016,596.45
09/05/2016,606.05
09/06/2016,604.47
09/07/2016,609.43
09/08/2016,613.67
09/09/2016,623.60
09/10/2016,620.60
09/11/2016,622.03
09/12/2016,604.83
13/09/2016,607.04
14/09/2016,606.89
15/09/2016,606.90
16/09/2016,605.52
17/09/2016,606.05
18/09/2016,605.08
19/09/2016,609.37
20/09/2016,606.72
21/09/2016,595.93
22/09/2016,596.23
23/09/2016,595.02
24/09/2016,602.41
25/09/2016,601.37
26/09/2016,598.91
27/09/2016,605.02
28/09/2016,602.89
29/09/2016,603.58
30/09/2016,604.52
10/01/2016,610.58
10/02/2016,613.24
10/03/2016,611.89
10/04/2016,609.50
10/05/2016,608.13
10/06/2016,610.57
10/07/2016,610.23
10/08/2016,617.45
10/09/2016,614.60
10/10/2016,615.92
10/11/2016,618.33
10/12/2016,637.22
13/10/2016,637.74
14/10/2016,635.88
15/10/2016,638.98
16/10/2016,638.61
17/10/2016,636.64
18/10/2016,637.02
19/10/2016,634.61
20/10/2016,626.37
21/10/2016,629.61
22/10/2016,630.62
23/10/2016,650.90
24/10/2016,647.69
25/10/2016,652.24
26/10/2016,657.06
27/10/2016,684.38
28/10/2016,684.30
29/10/2016,700.14
30/10/2016,704.91
31/10/2016,693.90
11/01/2016,708.96
11/02/2016,725.69
11/03/2016,741.85
11/04/2016,701.22
11/05/2016,702.18
11/06/2016,705.48
11/07/2016,705.47
11/08/2016,706.13
11/09/2016,728.36
11/10/2016,719.25
11/11/2016,714.57
11/12/2016,715.77
13/11/2016,694.72
14/11/2016,704.62
15/11/2016,711.40
16/11/2016,710.93
17/11/2016,745.93
18/11/2016,738.67
19/11/2016,748.81
20/11/2016,752.55
21/11/2016,730.37
22/11/2016,734.84
23/11/2016,745.98
24/11/2016,739.82
25/11/2016,730.31
26/11/2016,737.40
27/11/2016,727.45
28/11/2016,731.90
29/11/2016,731.13
30/11/2016,731.64
12/01/2016,744.10
12/02/2016,766.59
12/03/2016,769.92
12/04/2016,764.36
12/05/2016,760.10
12/06/2016,754.83
12/07/2016,758.35
12/08/2016,763.24
12/09/2016,766.87
12/10/2016,773.28
12/11/2016,765.95
12/12/2016,769.83
13/12/2016,774.39
14/12/2016,778.36
15/12/2016,776.98
16/12/2016,776.42
17/12/2016,786.97
18/12/2016,789.25
19/12/2016,791.00
20/12/2016,789.23
21/12/2016,805.80
22/12/2016,842.64
23/12/2016,910.93
24/12/2016,910.25
25/12/2016,870.13
26/12/2016,905.46
27/12/2016,900.37
28/12/2016,948.90
29/12/2016,971.65
30/12/2016,954.84
31/12/2016,952.46
01/01/2017,964.33
01/02/2017,1009.97
01/03/2017,1028.33
01/04/2017,1047.10
01/05/2017,1140.39
01/06/2017,985.94
01/07/2017,837.84
01/08/2017,923.52
01/09/2017,889.34
01/10/2017,905.23
01/11/2017,910.61
01/12/2017,772.66
13/01/2017,784.89
14/01/2017,820.69
15/01/2017,821.20
16/01/2017,830.74
17/01/2017,848.58
18/01/2017,890.29
19/01/2017,888.06
20/01/2017,896.16
21/01/2017,920.59
22/01/2017,934.78
23/01/2017,920.37
24/01/2017,912.21
25/01/2017,898.55
26/01/2017,901.05
27/01/2017,912.84
28/01/2017,919.80
29/01/2017,920.83
30/01/2017,916.91
31/01/2017,921.35
02/01/2017,973.07
02/02/2017,982.83
02/03/2017,1020.09
02/04/2017,1011.22
02/05/2017,1029.40
02/06/2017,1019.31
02/07/2017,1029.41
02/08/2017,1067.71
02/09/2017,1072.21
02/10/2017,974.96
02/11/2017,997.23
02/12/2017,1004.71
13/02/2017,1004.85
14/02/2017,994.58
15/02/2017,1003.59
16/02/2017,1018.41
17/02/2017,1038.87
18/02/2017,1058.32
19/02/2017,1052.84
20/02/2017,1046.66
21/02/2017,1079.58
22/02/2017,1112.86
23/02/2017,1122.52
24/02/2017,1193.50
25/02/2017,1182.43
26/02/2017,1139.85
27/02/2017,1189.37
28/02/2017,1189.95
03/01/2017,1193.61
03/02/2017,1221.05
03/03/2017,1269.78
03/04/2017,1285.38
03/05/2017,1260.67
03/06/2017,1273.25
03/07/2017,1280.30
03/08/2017,1206.36
03/09/2017,1153.06
03/10/2017,1200.56
03/11/2017,1147.63
03/12/2017,1186.35
13/03/2017,1235.55
14/03/2017,1242.81
15/03/2017,1245.89
16/03/2017,1247.67
17/03/2017,1126.08
18/03/2017,1062.07
19/03/2017,1000.25
20/03/2017,1036.23
21/03/2017,1065.48
22/03/2017,1091.33
23/03/2017,1036.10
24/03/2017,1013.84
25/03/2017,921.81
26/03/2017,962.51
27/03/2017,968.29
28/03/2017,1035.32
29/03/2017,1011.97
30/03/2017,1041.37
31/03/2017,1048.86
04/01/2017,1077.56
04/02/2017,1082.37
04/03/2017,1140.04
04/04/2017,1148.09
04/05/2017,1139.86
04/06/2017,1150.69
04/07/2017,1177.28
04/08/2017,1196.90
04/09/2017,1187.03
04/10/2017,1213.80
04/11/2017,1206.74
04/12/2017,1226.90
13/04/2017,1216.27
14/04/2017,1187.14
15/04/2017,1186.11
16/04/2017,1189.55
17/04/2017,1184.20
18/04/2017,1211.74
19/04/2017,1218.67
20/04/2017,1227.98
21/04/2017,1261.70
22/04/2017,1255.25
23/04/2017,1232.76
24/04/2017,1243.43
25/04/2017,1251.58
26/04/2017,1269.70
27/04/2017,1289.75
28/04/2017,1335.83
29/04/2017,1319.70
30/04/2017,1311.59
05/01/2017,1370.79
05/02/2017,1416.61
05/03/2017,1448.89
05/04/2017,1506.77
05/05/2017,1543.31
05/06/2017,1536.15
05/07/2017,1554.60
05/08/2017,1564.07
05/09/2017,1644.73
05/10/2017,1695.83
05/11/2017,1748.35
05/12/2017,1774.52
13/05/2017,1634.61
14/05/2017,1774.81
15/05/2017,1747.04
16/05/2017,1665.03
17/05/2017,1744.44
18/05/2017,1796.90
19/05/2017,1913.14
20/05/2017,1983.98
21/05/2017,2074.70
22/05/2017,2114.99
23/05/2017,2196.67
24/05/2017,2348.55
25/05/2017,2581.85
26/05/2017,2460.95
27/05/2017,2232.29
28/05/2017,2234.83
29/05/2017,2195.79
30/05/2017,2315.74
31/05/2017,2170.98
06/01/2017,2402.13
06/02/2017,2477.17
06/03/2017,2475.30
06/04/2017,2526.31
06/05/2017,2605.13
06/06/2017,2855.03
06/07/2017,2900.85
06/08/2017,2737.90
06/09/2017,2826.04
06/10/2017,2846.01
06/11/2017,2910.34
06/12/2017,3007.01
13/06/2017,2697.08
14/06/2017,2780.18
15/06/2017,2518.55
16/06/2017,2438.62
17/06/2017,2520.78
18/06/2017,2680.10
19/06/2017,2611.68
20/06/2017,2667.55
21/06/2017,2805.10
22/06/2017,2702.00
23/06/2017,2763.29
24/06/2017,2740.59
25/06/2017,2598.16
26/06/2017,2630.59
27/06/2017,2513.43
28/06/2017,2556.17
29/06/2017,2591.27
30/06/2017,2547.32
07/01/2017,2479.05
07/02/2017,2424.70
07/03/2017,2513.74
07/04/2017,2640.06
07/05/2017,2588.68
07/06/2017,2634.17
07/07/2017,2598.57
07/08/2017,2514.36
07/09/2017,2586.04
07/10/2017,2524.13
07/11/2017,2352.27
07/12/2017,2292.91
13/07/2017,2437.55
14/07/2017,2337.68
15/07/2017,2109.37
16/07/2017,2045.57
17/07/2017,1986.94
18/07/2017,2189.24
19/07/2017,2354.89
20/07/2017,2349.36
21/07/2017,2740.57
22/07/2017,2738.78
23/07/2017,2831.68
24/07/2017,2772.37
25/07/2017,2768.80
26/07/2017,2540.21
27/07/2017,2570.20
28/07/2017,2699.72
29/07/2017,2719.69
30/07/2017,2714.70
31/07/2017,2718.62
08/01/2017,2867.65
08/02/2017,2739.71
08/03/2017,2740.07
08/04/2017,2811.71
08/05/2017,3123.41
08/06/2017,3254.71
08/07/2017,3274.64
08/08/2017,3474.76
08/09/2017,3416.19
08/10/2017,3364.41
08/11/2017,3451.85
08/12/2017,3705.43
13/08/2017,4104.02
14/08/2017,4036.76
15/08/2017,4462.68
16/08/2017,4118.90
17/08/2017,4322.42
18/08/2017,4311.69
19/08/2017,4180.24
20/08/2017,4139.38
21/08/2017,4110.94
22/08/2017,3911.28
23/08/2017,4162.79
24/08/2017,4178.76
25/08/2017,4396.03
26/08/2017,4359.90
27/08/2017,4381.40
28/08/2017,4340.46
29/08/2017,4442.66
30/08/2017,4664.64
31/08/2017,4676.14
09/01/2017,4783.17
09/02/2017,4864.29
09/03/2017,4672.57
09/04/2017,4593.18
09/05/2017,4160.54
09/06/2017,4517.57
09/07/2017,4543.10
09/08/2017,4628.60
09/09/2017,4280.98
09/10/2017,4194.22
09/11/2017,4307.83
09/12/2017,4295.76
13/09/2017,3944.58
14/09/2017,3817.06
15/09/2017,3358.11
16/09/2017,3772.68
17/09/2017,3608.60
18/09/2017,3764.62
19/09/2017,3976.39
20/09/2017,3863.19
21/09/2017,3827.69
22/09/2017,3690.99
23/09/2017,3612.16
24/09/2017,3772.85
25/09/2017,3753.44
26/09/2017,3920.99
27/09/2017,3939.52
28/09/2017,4220.28
29/09/2017,4062.20
30/09/2017,4207.83
10/01/2017,4300.55
10/02/2017,4414.18
10/03/2017,4424.47
10/04/2017,4307.56
10/05/2017,4186.78
10/06/2017,4325.24
10/07/2017,4370.17
10/08/2017,4446.17
10/09/2017,4624.35
10/10/2017,4789.30
10/11/2017,4741.71
10/12/2017,4858.60
13/10/2017,5728.55
14/10/2017,5666.98
15/10/2017,5779.07
16/10/2017,5607.01
17/10/2017,5643.55
18/10/2017,5495.04
19/10/2017,5627.09
20/10/2017,5686.53
21/10/2017,6098.12
22/10/2017,5949.08
23/10/2017,5969.80
24/10/2017,5649.01
25/10/2017,5550.86
26/10/2017,5776.88
27/10/2017,5923.71
28/10/2017,5737.10
29/10/2017,5741.72
30/10/2017,6151.33
31/10/2017,6130.56
11/01/2017,6424.52
11/02/2017,6879.37
11/03/2017,7199.24
11/04/2017,7210.47
11/05/2017,7376.74
11/06/2017,7231.93
11/07/2017,7123.89
11/08/2017,7356.51
11/09/2017,7342.82
11/10/2017,7250.77
11/11/2017,6773.70
11/12/2017,6075.30
13/11/2017,5969.13
14/11/2017,6666.27
15/11/2017,6867.43
16/11/2017,7259.30
17/11/2017,7924.18
18/11/2017,7598.28
19/11/2017,7787.46
20/11/2017,7954.77
21/11/2017,7879.06
22/11/2017,8150.63
23/11/2017,8208.75
24/11/2017,8094.45
25/11/2017,8190.87
26/11/2017,8851.31
27/11/2017,9573.97
28/11/2017,9713.10
29/11/2017,10295.62
30/11/2017,10542.66
12/01/2017,9706.10
12/02/2017,10923.20
12/03/2017,10973.54
12/04/2017,11382.21
12/05/2017,11597.23
12/06/2017,12230.37
12/07/2017,13734.52
12/08/2017,16403.42
12/09/2017,15732.10
12/10/2017,13152.53
12/11/2017,16299.30
12/12/2017,16374.90
13/12/2017,16678.29
14/12/2017,16246.14
15/12/2017,17221.65
16/12/2017,17436.60
17/12/2017,19166.98
18/12/2017,18640.26
19/12/2017,18984.77
20/12/2017,16862.57
21/12/2017,16925.02
22/12/2017,14182.46
23/12/2017,14694.58
24/12/2017,14103.22
25/12/2017,13387.35
26/12/2017,14652.37
27/12/2017,15846.07
28/12/2017,14362.40
29/12/2017,14867.57
30/12/2017,13643.70
31/12/2017,13062.15
01/01/2018,13439.42
01/02/2018,13337.62
01/03/2018,14881.55
01/04/2018,15104.45
01/05/2018,14953.85
01/06/2018,16576.70
01/07/2018,16735.11
01/08/2018,15632.41
01/09/2018,15242.94
01/10/2018,14122.83
01/11/2018,13269.60
01/12/2018,13633.36
13/01/2018,14165.91
14/01/2018,14217.36
15/01/2018,13519.93
16/01/2018,12915.12
17/01/2018,10870.17
18/01/2018,11340.65
19/01/2018,11137.37
20/01/2018,11742.94
21/01/2018,12486.07
22/01/2018,11508.62
23/01/2018,10872.90
24/01/2018,10830.93
25/01/2018,11629.38
26/01/2018,11524.35
27/01/2018,11005.62
28/01/2018,11452.23
29/01/2018,11412.79
30/01/2018,10917.15
31/01/2018,9914.47
02/01/2018,9970.31
02/02/2018,8715.59
02/03/2018,8285.50
02/04/2018,9192.05
02/05/2018,8136.39
02/06/2018,6332.37
02/07/2018,7270.51
02/08/2018,7987.28
02/09/2018,8086.77
02/10/2018,8930.14
02/11/2018,8045.44
02/12/2018,8478.92
13/02/2018,8766.85
14/02/2018,8693.25
15/02/2018,9659.29
16/02/2018,10110.84
17/02/2018,10474.77
18/02/2018,10855.94
19/02/2018,10537.01
20/02/2018,11416.04
21/02/2018,10928.02
22/02/2018,10727.95
23/02/2018,9809.72
24/02/2018,10412.37
25/02/2018,9585.29
26/02/2018,9627.72
27/02/2018,10272.90
28/02/2018,10903.02
03/01/2018,10352.05
03/02/2018,11100.29
03/03/2018,11305.12
03/04/2018,11171.82
03/05/2018,11558.48
03/06/2018,11246.75
03/07/2018,10735.89
03/08/2018,9552.76
03/09/2018,8980.19
03/10/2018,9251.29
03/11/2018,8680.61
03/12/2018,9433.47
13/03/2018,9047.51
14/03/2018,9260.71
15/03/2018,7895.99
16/03/2018,8039.60
17/03/2018,8206.56
18/03/2018,7667.99
19/03/2018,8189.49
20/03/2018,8597.34
21/03/2018,9028.30
22/03/2018,9023.72
23/03/2018,8411.65
24/03/2018,8881.99
25/03/2018,8548.81
26/03/2018,8429.33
27/03/2018,7854.64
28/03/2018,7863.26
29/03/2018,7866.36
30/03/2018,6861.33
31/03/2018,6970.36
04/01/2018,6926.88
04/02/2018,6986.84
04/03/2018,7182.12
04/04/2018,7295.89
04/05/2018,6769.48
04/06/2018,6766.59
04/07/2018,6854.92
04/08/2018,6964.43
04/09/2018,7125.54
04/10/2018,6789.27
04/11/2018,6824.49
04/12/2018,6941.64
13/04/2018,7823.56
14/04/2018,8040.88
15/04/2018,8083.57
16/04/2018,8160.41
17/04/2018,8030.57
18/04/2018,7937.61
19/04/2018,8188.72
20/04/2018,8333.81
21/04/2018,8866.67
22/04/2018,8830.06
23/04/2018,8868.16
24/04/2018,9191.82
25/04/2018,9373.30
26/04/2018,8807.52
27/04/2018,9153.64
28/04/2018,9144.38
29/04/2018,9444.14
30/04/2018,9268.72
05/01/2018,8949.88
05/02/2018,9029.48
05/03/2018,9228.85
05/04/2018,9572.70
05/05/2018,9817.60
05/06/2018,9845.54
05/07/2018,9326.76
05/08/2018,9424.99
05/09/2018,9039.03
05/10/2018,9327.05
05/11/2018,8920.26
05/12/2018,8408.36
13/05/2018,8442.24
14/05/2018,8398.86
15/05/2018,8711.39
16/05/2018,8159.26
17/05/2018,8360.23
18/05/2018,7996.82
19/05/2018,8237.34
20/05/2018,8250.40
21/05/2018,8493.13
22/05/2018,8324.03
23/05/2018,7951.51
24/05/2018,7614.96
25/05/2018,7599.95
26/05/2018,7436.84
27/05/2018,7296.80
28/05/2018,7383.22
29/05/2018,7118.42
30/05/2018,7491.61
31/05/2018,7363.28
06/01/2018,7490.62
06/02/2018,7518.33
06/03/2018,7630.40
06/04/2018,7505.59
06/05/2018,7624.19
06/07/2018,7658.57
06/08/2018,7684.93
06/09/2018,7618.11
06/10/2018,7495.10
06/11/2018,6770.31
06/12/2018,6780.34
13/06/2018,6321.66
15/06/2018,6601.32
16/06/2018,6397.44
17/06/2018,6529.54
18/06/2018,6482.87
19/06/2018,6711.65
20/06/2018,6731.71
21/06/2018,6729.93
23/06/2018,6099.45
24/06/2018,6198.70
25/06/2018,6142.39
26/06/2018,6244.33
27/06/2018,6148.42
28/06/2018,6140.19
29/06/2018,5954.53
30/06/2018,6189.31
07/01/2018,6373.28
07/03/2018,6629.75
07/04/2018,6589.63
07/06/2018,6538.68
07/07/2018,6570.43
07/08/2018,6744.99
07/09/2018,6694.53
07/11/2018,6360.45
13/07/2018,6144.81
14/07/2018,6254.68
16/07/2018,6671.63
18/07/2018,7315.55
19/07/2018,7484.64
21/07/2018,7357.45
22/07/2018,7424.73
23/07/2018,7411.20
24/07/2018,7730.25
25/07/2018,8325.80
26/07/2018,8271.60
27/07/2018,7925.25
28/07/2018,8184.70
30/07/2018,8166.39
08/01/2018,7700.83
08/02/2018,7588.59
08/03/2018,7423.07
08/05/2018,7396.04
08/06/2018,7402.34
08/08/2018,6748.44
08/09/2018,6460.15
08/10/2018,6482.97
08/11/2018,6092.53
08/12/2018,6338.74
13/08/2018,6260.19
14/08/2018,6123.45
15/08/2018,6332.61
17/08/2018,6273.89
18/08/2018,6396.95
19/08/2018,6516.67
20/08/2018,6299.40
22/08/2018,6355.88
23/08/2018,6503.83
24/08/2018,6675.36
25/08/2018,6725.03
26/08/2018,6689.82
28/08/2018,7084.29
29/08/2018,7059.23
31/08/2018,7028.45
09/01/2018,7198.06
09/02/2018,7282.86
09/03/2018,7260.25
09/04/2018,7361.27
09/05/2018,6913.12
09/07/2018,6400.27
09/08/2018,6181.74
09/09/2018,6253.94
09/11/2018,6275.08
09/12/2018,6275.67
13/09/2018,6283.18
15/09/2018,6285.98
16/09/2018,6281.41
18/09/2018,6273.22
19/09/2018,6282.61
21/09/2018,6288.07
22/09/2018,6317.70
23/09/2018,6293.84
24/09/2018,6289.62
25/09/2018,6466.99
26/09/2018,6391.39
27/09/2018,6509.78
28/09/2018,6698.42
29/09/2018,6502.69
30/09/2018,6576.61
10/01/2018,6647.39
10/02/2018,6603.75
10/03/2018,6481.25
10/04/2018,6594.94
10/06/2018,6595.26
10/08/2018,6662.87
10/09/2018,6663.02
10/11/2018,6619.50
10/12/2018,6285.86
13/10/2018,6309.20
14/10/2018,6361.42
15/10/2018,6721.59
17/10/2018,6724.83
18/10/2018,6374.65
20/10/2018,6407.48
22/10/2018,6412.53
23/10/2018,6396.88
24/10/2018,6407.67
25/10/2018,6405.50
27/10/2018,6392.18
28/10/2018,6429.69
29/10/2018,6266.19
30/10/2018,6276.46
31/10/2018,6321.71
11/01/2018,6341.09
11/02/2018,6360.14
11/03/2018,6344.74
11/04/2018,6405.14
11/05/2018,6396.35
11/06/2018,6425.92
11/07/2018,6514.49
11/08/2018,6412.52
11/09/2018,6343.63
11/10/2018,6365.66
11/11/2018,6327.48
11/12/2018,6327.15
13/11/2018,6282.44
14/11/2018,5524.80
15/11/2018,5511.15
16/11/2018,5448.60
17/11/2018,5497.41
18/11/2018,5553.01
19/11/2018,4800.34
20/11/2018,4246.31
21/11/2018,4478.30
22/11/2018,4405.74
23/11/2018,4329.92
24/11/2018,3728.87
25/11/2018,3951.21
26/11/2018,3640.56
27/11/2018,3792.19
28/11/2018,4174.32
29/11/2018,4218.61
30/11/2018,3952.45
12/01/2018,4178.60
12/02/2018,4118.52
12/03/2018,3847.03
12/04/2018,3889.29
12/05/2018,3713.57
12/06/2018,3578.21
12/07/2018,3391.87
12/08/2018,3452.62
12/09/2018,3507.31
12/10/2018,3419.73
12/11/2018,3360.95
12/12/2018,3414.83
13/12/2018,3263.55
14/12/2018,3212.21
15/12/2018,3194.96
16/12/2018,3200.64
17/12/2018,3478.46
18/12/2018,3562.89
19/12/2018,3709.32
20/12/2018,4065.80
21/12/2018,3824.74
22/12/2018,3862.73
23/12/2018,3949.79
24/12/2018,4054.30
25/12/2018,3767.35
26/12/2018,3807.15
27/12/2018,3587.20
28/12/2018,3865.53
29/12/2018,3725.48
30/12/2018,3832.40
31/12/2018,3689.56
01/01/2019,3715.56
01/02/2019,3882.30
01/03/2019,3795.59
01/04/2019,3812.38
01/05/2019,3809.91
01/06/2019,4014.13
01/07/2019,3989.63
01/08/2019,3992.99
01/09/2019,3995.33
01/10/2019,3617.35
01/11/2019,3606.16
01/12/2019,3611.53
13/01/2019,3497.67
14/01/2019,3654.35
15/01/2019,3568.75
16/01/2019,3593.72
17/01/2019,3623.72
18/01/2019,3605.86
19/01/2019,3690.91
20/01/2019,3544.22
21/01/2019,3528.46
22/01/2019,3581.55
23/01/2019,3549.77
24/01/2019,3562.92
25/01/2019,3566.67
26/01/2019,3563.28
27/01/2019,3539.62
28/01/2019,3425.26
29/01/2019,3395.02
30/01/2019,3441.03
31/01/2019,3420.63
02/01/2019,3439.81
02/02/2019,3433.04
02/03/2019,3404.50
02/04/2019,3412.23
02/05/2019,3419.77
02/06/2019,3367.52
02/07/2019,3360.53
02/08/2019,3591.02
02/09/2019,3617.46
02/10/2019,3621.15
02/11/2019,3593.18
02/12/2019,3579.34
13/02/2019,3569.55
14/02/2019,3558.40
15/02/2019,3566.25
16/02/2019,3596.41
17/02/2019,3606.15
18/02/2019,3865.32
19/02/2019,3904.48
20/02/2019,3924.74
21/02/2019,3889.76
22/02/2019,3933.61
23/02/2019,4105.11
24/02/2019,3763.62
25/02/2019,3819.87
26/02/2019,3797.58
27/02/2019,3772.94
28/02/2019,3799.68
03/01/2019,3811.61
03/02/2019,3804.42
03/03/2019,3782.66
03/04/2019,3689.86
03/05/2019,3832.08
03/06/2019,3848.96
03/07/2019,3859.84
03/08/2019,3828.37
03/09/2019,3898.87
03/10/2019,3899.66
03/11/2019,3851.25
03/12/2019,3866.30
13/03/2019,3846.27
14/03/2019,3855.74
15/03/2019,3892.05
16/03/2019,3985.85
17/03/2019,3970.39
18/03/2019,3974.42
19/03/2019,3996.04
20/03/2019,4027.79
21/03/2019,3974.81
22/03/2019,3987.31
23/03/2019,3977.71
24/03/2019,3968.44
25/03/2019,3913.78
26/03/2019,3915.38
27/03/2019,4018.59
28/03/2019,4008.37
29/03/2019,4080.26
30/03/2019,4081.22
04/01/2019,4094.70
04/02/2019,4135.18
04/03/2019,4818.77
04/04/2019,5102.15
04/05/2019,4875.60
04/06/2019,5030.93
04/07/2019,5028.32
04/08/2019,5198.17
04/09/2019,5260.21
04/10/2019,5180.00
04/11/2019,5283.54
04/12/2019,5049.61
13/04/2019,5077.52
14/04/2019,5066.87
15/04/2019,5158.39
16/04/2019,5045.68
17/04/2019,5184.20
18/04/2019,5220.96
19/04/2019,5276.56
20/04/2019,5266.66
21/04/2019,5292.15
22/04/2019,5276.56
23/04/2019,5398.43
24/04/2019,5552.52
25/04/2019,5432.99
26/04/2019,5132.23
27/04/2019,5151.57
28/04/2019,5200.19
29/04/2019,5152.55
30/04/2019,5151.43
05/01/2019,5277.44
05/02/2019,5297.94
05/03/2019,5405.88
05/04/2019,5697.68
05/05/2019,5812.33
05/06/2019,5713.04
05/07/2019,5706.01
05/08/2019,5899.53
05/09/2019,5932.44
05/10/2019,6159.69
05/11/2019,6387.83
05/12/2019,7254.81
13/05/2019,6992.71
14/05/2019,7906.94
15/05/2019,7928.42
16/05/2019,8177.45
17/05/2019,7820.08
18/05/2019,7243.65
19/05/2019,7295.65
20/05/2019,8221.26
21/05/2019,7917.01
22/05/2019,7961.13
23/05/2019,7723.90
24/05/2019,7903.85
25/05/2019,8038.51
26/05/2019,8089.57
27/05/2019,8653.14
28/05/2019,8800.35
29/05/2019,8719.33
30/05/2019,8672.40
31/05/2019,8287.04
06/01/2019,8513.20
06/02/2019,8588.48
06/03/2019,8744.27
06/04/2019,8474.05
06/05/2019,7645.57
06/06/2019,7790.32
06/07/2019,7730.88
06/08/2019,8030.26
06/09/2019,7949.43
06/10/2019,7600.92
06/11/2019,7954.01
06/12/2019,7903.63
13/06/2019,8151.79
14/06/2019,8256.72
15/06/2019,8667.79
16/06/2019,8836.17
17/06/2019,9061.54
18/06/2019,9346.98
19/06/2019,9012.49
20/06/2019,9259.12
21/06/2019,9559.90
22/06/2019,9906.41
23/06/2019,10461.41
24/06/2019,10843.57
25/06/2019,10996.46
26/06/2019,11665.41
27/06/2019,12444.93
28/06/2019,11086.27
29/06/2019,12316.95
30/06/2019,12024.08
07/01/2019,10932.31
07/02/2019,10454.68
07/03/2019,10800.13
07/04/2019,11942.24
07/05/2019,11645.52
07/06/2019,10946.21
07/07/2019,11219.05
07/08/2019,11422.11
07/09/2019,12336.00
07/10/2019,12575.90
07/11/2019,12054.18
07/12/2019,11324.14
13/07/2019,11802.96
14/07/2019,11279.60
15/07/2019,10506.40
16/07/2019,10934.48
17/07/2019,9490.41
18/07/2019,9733.13
19/07/2019,10603.35
20/07/2019,10466.26
21/07/2019,10983.22
22/07/2019,10551.13
23/07/2019,10285.64
24/07/2019,10027.53
25/07/2019,9771.50
26/07/2019,9897.43
27/07/2019,9812.23
28/07/2019,9440.14
29/07/2019,9495.86
30/07/2019,9506.70
31/07/2019,9572.74
08/01/2019,10005.29
08/02/2019,10385.20
08/03/2019,10513.91
08/04/2019,10831.26
08/05/2019,10985.81
08/06/2019,11811.79
08/07/2019,11310.19
08/08/2019,11956.05
08/09/2019,11817.46
08/10/2019,11827.57
08/11/2019,11278.28
08/12/2019,11485.37
13/08/2019,11391.97
14/08/2019,10869.38
15/08/2019,10211.50
16/08/2019,10386.54
17/08/2019,10388.45
18/08/2019,10212.10
19/08/2019,10335.37
20/08/2019,10774.81
21/08/2019,10818.51
22/08/2019,10064.92
23/08/2019,10161.16
24/08/2019,10364.28
25/08/2019,10171.50
26/08/2019,10068.92
27/08/2019,10312.22
28/08/2019,10122.20
29/08/2019,9743.16
30/08/2019,9487.98
31/08/2019,9590.74
09/01/2019,9624.98
09/02/2019,9780.67
09/03/2019,10381.86
09/04/2019,10691.31
09/05/2019,10555.05
09/06/2019,10576.32
09/07/2019,10334.02
09/08/2019,10495.23
09/09/2019,10402.80
09/10/2019,10332.94
09/11/2019,10082.95
09/12/2019,10152.75
13/09/2019,10396.77
14/09/2019,10299.48
15/09/2019,10351.23
16/09/2019,10302.19
17/09/2019,10301.66
18/09/2019,10231.42
19/09/2019,10168.29
20/09/2019,10223.51
21/09/2019,10138.34
22/09/2019,9984.52
23/09/2019,10031.87
24/09/2019,9719.72
25/09/2019,8688.97
26/09/2019,8438.71
27/09/2019,8103.21
28/09/2019,8195.21
29/09/2019,8146.41
30/09/2019,8085.71
10/01/2019,8241.34
10/02/2019,8333.69
10/03/2019,8273.46
10/04/2019,8203.84
10/05/2019,8163.90
10/06/2019,8137.15
10/07/2019,7853.69
10/08/2019,8236.21
10/09/2019,8201.64
10/10/2019,8572.38
10/11/2019,8582.14
10/12/2019,8320.17
13/10/2019,8328.60
14/10/2019,8282.18
15/10/2019,8337.82
16/10/2019,8162.44
17/10/2019,8003.82
18/10/2019,8058.06
19/10/2019,7970.24
20/10/2019,7943.35
21/10/2019,8200.32
22/10/2019,8200.25
23/10/2019,8073.41
24/10/2019,7420.42
25/10/2019,7460.62
26/10/2019,8591.22
27/10/2019,9578.37
28/10/2019,9458.22
29/10/2019,9455.72
30/10/2019,9226.00
31/10/2019,9131.41
11/01/2019,9197.63
11/02/2019,9290.90
11/03/2019,9202.42
11/04/2019,9369.63
11/05/2019,9326.60
11/06/2019,9335.75
11/07/2019,9226.49
11/08/2019,8794.36
11/09/2019,8798.04
11/10/2019,9081.19
11/11/2019,8711.53
11/12/2019,8760.89
13/11/2019,8749.52
14/11/2019,8656.97
15/11/2019,8500.64
16/11/2019,8469.26
17/11/2019,8537.34
18/11/2019,8205.81
19/11/2019,8118.49
20/11/2019,8074.84
21/11/2019,7612.74
22/11/2019,7262.11
23/11/2019,7303.41
24/11/2019,7041.73
25/11/2019,7211.86
26/11/2019,7141.07
27/11/2019,7523.48
28/11/2019,7390.21
29/11/2019,7729.27
30/11/2019,7542.24
12/01/2019,7381.96
12/02/2019,7333.43
12/03/2019,7315.37
12/04/2019,7213.73
12/05/2019,7398.79
12/06/2019,7511.88
12/07/2019,7532.12
12/08/2019,7550.24
12/09/2019,7333.10
12/10/2019,7239.76
12/11/2019,7198.07
12/12/2019,7190.27
13/12/2019,7238.87
14/12/2019,7087.02
15/12/2019,7112.73
16/12/2019,6883.50
17/12/2019,6584.03
18/12/2019,7424.02
19/12/2019,7147.57
20/12/2019,7139.93
21/12/2019,7286.34
22/12/2019,7236.99
23/12/2019,7166.17
24/12/2019,7235.63
25/12/2019,7212.81
26/12/2019,7183.71
27/12/2019,7227.29
28/12/2019,7311.56
29/12/2019,7385.46
30/12/2019,7251.28
31/12/2019,7179.96
01/01/2020,7174.74
01/02/2020,6955.49
01/03/2020,7291.22
01/04/2020,7337.64
01/05/2020,7347.43
01/06/2020,7713.86
01/07/2020,8039.60
01/08/2020,8067.61
01/09/2020,7808.70
01/10/2020,8087.45
01/11/2020,8078.99
01/12/2020,8149.31
13/01/2020,8116.96
14/01/2020,8735.14
15/01/2020,8843.68
16/01/2020,8711.64
17/01/2020,8925.30
18/01/2020,8939.86
19/01/2020,8638.18
20/01/2020,8652.68
21/01/2020,8708.79
22/01/2020,8635.07
23/01/2020,8384.09
24/01/2020,8451.23
25/01/2020,8347.57
26/01/2020,8562.31
27/01/2020,8881.96
28/01/2020,9131.11
29/01/2020,9320.98
30/01/2020,9545.08
31/01/2020,9388.88
02/01/2020,9363.19
02/02/2020,9385.26
02/03/2020,9269.71
02/04/2020,9177.89
02/05/2020,9625.46
02/06/2020,9681.38
02/07/2020,9795.34
02/08/2020,9927.78
02/09/2020,10132.71
02/10/2020,9838.90
02/11/2020,10236.64
02/12/2020,10364.93
13/02/2020,10218.10
14/02/2020,10367.53
15/02/2020,9926.35
16/02/2020,9876.23
17/02/2020,9636.62
18/02/2020,10190.00
19/02/2020,9701.04
20/02/2020,9631.48
21/02/2020,9670.86
22/02/2020,9689.09
23/02/2020,9919.55
24/02/2020,9640.47
25/02/2020,9392.87
26/02/2020,8787.98
27/02/2020,8785.00
28/02/2020,8778.47
29/02/2020,8639.59
03/01/2020,8548.95
03/02/2020,8923.04
03/03/2020,8791.11
03/04/2020,8756.96
03/05/2020,9078.58
03/06/2020,9126.64
03/07/2020,8925.21
03/08/2020,8166.31
03/09/2020,7875.75
03/10/2020,7959.23
03/11/2020,7955.31
03/12/2020,5800.21
13/03/2020,5672.68
14/03/2020,5304.15
15/03/2020,5355.19
16/03/2020,4944.70
17/03/2020,5465.58
18/03/2020,5363.82
19/03/2020,6301.06
20/03/2020,6185.28
21/03/2020,6187.05
22/03/2020,5884.34
23/03/2020,6455.45
24/03/2020,6784.32
25/03/2020,6706.99
26/03/2020,6721.50
27/03/2020,6682.78
28/03/2020,6229.49
30/03/2020,5922.49
31/03/2020,6483.74
04/01/2020,6446.42
04/02/2020,6537.34
04/03/2020,6850.56
04/04/2020,6776.37
04/05/2020,6855.93
04/06/2020,6805.36
04/07/2020,7278.24
04/08/2020,7175.67
04/09/2020,7367.29
04/10/2020,7321.82
04/11/2020,6866.40
04/12/2020,6873.85
13/04/2020,7043.44
14/04/2020,6889.86
15/04/2020,6887.55
16/04/2020,6718.80
17/04/2020,7166.58
18/04/2020,7065.08
19/04/2020,7277.14
20/04/2020,7185.87
21/04/2020,6856.15
22/04/2020,6904.48
23/04/2020,7118.39
24/04/2020,7562.03
25/04/2020,7497.86
26/04/2020,7542.30
27/04/2020,7624.85
28/04/2020,7776.51
29/04/2020,7761.76
30/04/2020,8773.11
05/01/2020,8767.67
05/02/2020,8853.77
05/03/2020,8963.06
05/04/2020,8904.71
05/05/2020,8887.51
05/06/2020,8978.28
05/07/2020,9371.68
05/08/2020,9900.68
05/09/2020,9917.25
05/10/2020,9617.52
05/11/2020,8786.66
05/12/2020,8608.13
13/05/2020,8815.23
14/05/2020,9330.99
15/05/2020,9757.30
16/05/2020,9362.64
17/05/2020,9418.92
18/05/2020,9684.70
19/05/2020,9723.68
20/05/2020,9719.48
21/05/2020,9540.89
22/05/2020,9141.15
23/05/2020,9192.85
24/05/2020,9220.08
25/05/2020,9048.72
26/05/2020,8905.78
27/05/2020,8835.73
28/05/2020,9112.98
29/05/2020,9507.52
30/05/2020,9425.28
31/05/2020,9688.32
06/01/2020,9427.67
06/02/2020,10268.58
06/03/2020,9516.14
06/04/2020,9667.06
06/05/2020,9811.37
06/06/2020,9659.66
06/07/2020,9677.05
06/08/2020,9737.46
06/09/2020,9791.93
06/10/2020,9786.14
06/11/2020,9874.97
06/12/2020,9260.83
13/06/2020,9464.23
14/06/2020,9458.66
15/06/2020,9351.95
16/06/2020,9441.77
17/06/2020,9510.66
18/06/2020,9457.63
19/06/2020,9398.64
20/06/2020,9279.76
21/06/2020,9353.08
22/06/2020,9289.10
23/06/2020,9680.95
24/06/2020,9609.68
25/06/2020,9311.14
26/06/2020,9252.63
27/06/2020,9171.73
28/06/2020,9022.15
29/06/2020,9101.85
30/06/2020,9188.06
07/01/2020,9148.44
07/02/2020,9236.32
07/03/2020,9097.80
07/04/2020,9094.32
07/05/2020,9124.65
07/06/2020,9055.46
07/07/2020,9278.81
07/08/2020,9244.42
07/09/2020,9471.76
07/10/2020,9236.14
07/11/2020,9243.18
07/12/2020,9229.86
13/07/2020,9286.74
14/07/2020,9238.99
15/07/2020,9260.47
16/07/2020,9211.03
17/07/2020,9133.78
18/07/2020,9160.41
19/07/2020,9176.69
20/07/2020,9190.27
21/07/2020,9172.59
22/07/2020,9395.06
23/07/2020,9530.79
24/07/2020,9617.38
25/07/2020,9568.97
26/07/2020,9708.95
27/07/2020,9938.95
28/07/2020,11187.78
29/07/2020,10939.67
30/07/2020,11284.46
31/07/2020,11118.92
08/01/2020,11373.32
08/02/2020,11766.75
08/03/2020,11139.10
08/04/2020,11261.81
08/05/2020,11228.03
08/06/2020,11653.41
08/07/2020,11796.82
08/08/2020,11639.94
08/09/2020,11744.91
08/10/2020,11673.12
08/11/2020,11832.23
08/12/2020,11340.58
13/08/2020,11549.55
14/08/2020,11752.17
15/08/2020,11783.28
16/08/2020,11895.63
17/08/2020,11896.95
18/08/2020,12399.11
19/08/2020,12071.74
20/08/2020,11749.83
21/08/2020,11833.90
22/08/2020,11583.14
23/08/2020,11674.62
24/08/2020,11666.41
25/08/2020,11744.01
26/08/2020,11378.73
27/08/2020,11458.82
28/08/2020,11302.12
29/08/2020,11482.23
30/08/2020,11515.04
31/08/2020,11657.00
09/01/2020,11678.37
09/02/2020,11964.21
09/03/2020,11427.70
09/04/2020,10712.92
09/05/2020,10563.90
09/06/2020,10042.85
09/07/2020,10207.61
09/08/2020,10381.78
09/09/2020,10043.20
09/10/2020,10268.46
09/11/2020,10341.02
09/12/2020,10380.54
13/09/2020,10436.37
14/09/2020,10313.07
15/09/2020,10680.30
16/09/2020,10829.51
17/09/2020,11033.38
18/09/2020,10937.11
19/09/2020,10933.93
20/09/2020,11048.88
21/09/2020,10852.91
22/09/2020,10526.20
23/09/2020,10531.16
24/09/2020,10260.03
25/09/2020,10672.96
26/09/2020,10729.07
27/09/2020,10741.48
28/09/2020,10752.35
29/09/2020,10863.07
30/09/2020,10764.28
10/01/2020,10741.58
10/02/2020,10626.60
10/03/2020,10567.33
10/04/2020,10555.03
10/05/2020,10660.61
10/06/2020,10756.40
10/07/2020,10589.63
10/08/2020,10645.75
10/09/2020,10897.60
10/10/2020,11052.40
10/11/2020,11360.85
10/12/2020,11334.03
13/10/2020,11666.21
14/10/2020,11443.73
15/10/2020,11395.55
16/10/2020,11504.55
17/10/2020,11355.16
18/10/2020,11358.71
19/10/2020,11471.00
20/10/2020,11776.59
21/10/2020,11936.36
22/10/2020,13102.93
23/10/2020,13140.67
24/10/2020,12933.82
25/10/2020,13008.45
26/10/2020,13033.52
27/10/2020,13721.28
28/10/2020,13282.26
29/10/2020,13467.73
30/10/2020,13573.71
31/10/2020,13891.22
11/01/2020,13730.20
11/02/2020,13633.70
11/03/2020,13832.94
11/04/2020,14163.98
11/05/2020,15424.53
11/06/2020,15540.60
11/07/2020,14783.98
11/08/2020,15500.33
11/09/2020,15283.78
11/10/2020,15374.04
11/11/2020,15820.50
11/12/2020,16253.31
13/11/2020,16347.04
14/11/2020,15991.83
15/11/2020,15918.08
16/11/2020,16752.00
17/11/2020,17593.49
18/11/2020,17834.64
19/11/2020,17954.86
20/11/2020,18612.87
21/11/2020,18591.86
22/11/2020,18630.00
23/11/2020,18469.20
24/11/2020,19045.74
25/11/2020,18746.93
26/11/2020,17187.41
27/11/2020,17023.96
28/11/2020,17814.78
29/11/2020,18114.41
30/11/2020,19382.36
12/01/2020,18980.98
12/02/2020,19184.90
12/03/2020,19464.53
12/04/2020,18813.12
12/05/2020,19045.02
12/06/2020,19113.93
12/07/2020,19107.60
12/08/2020,18682.46
12/09/2020,18543.01
12/10/2020,18359.48
12/11/2020,18137.32
12/12/2020,18882.26
13/12/2020,19060.28
14/12/2020,19251.22
15/12/2020,19443.48
16/12/2020,21310.66
17/12/2020,22895.98
18/12/2020,23008.78
19/12/2020,23890.82
20/12/2020,23537.37
21/12/2020,23177.27
22/12/2020,23433.98
23/12/2020,23224.45
24/12/2020,23623.89
25/12/2020,24581.01
26/12/2020,26381.30
27/12/2020,26389.29
28/12/2020,26718.03
29/12/2020,26975.73
30/12/2020,28768.84
31/12/2020,29111.52
01/01/2021,29333.61
01/02/2021,32154.17
01/03/2021,33002.54
01/04/2021,31431.61
01/05/2021,34433.61
01/06/2021,36275.76
01/07/2021,39713.51
01/08/2021,40519.45
01/09/2021,40258.92
01/10/2021,38709.77
01/11/2021,34409.64
01/12/2021,34214.61
13/01/2021,37017.01
14/01/2021,38435.86
15/01/2021,36751.58
16/01/2021,36016.78
17/01/2021,36375.81
18/01/2021,36346.61
19/01/2021,36577.52
20/01/2021,35004.53
21/01/2021,30606.18
22/01/2021,33368.37
23/01/2021,32070.10
24/01/2021,32285.73
25/01/2021,32500.26
26/01/2021,32324.56
27/01/2021,30535.00
28/01/2021,33408.22
29/01/2021,34842.56
30/01/2021,34622.37
31/01/2021,33087.37
02/01/2021,33613.32
02/02/2021,35632.90
02/03/2021,37397.43
02/04/2021,37256.25
02/05/2021,37851.60
02/06/2021,40302.80
02/07/2021,38461.68
02/08/2021,44716.69
02/09/2021,46674.85
02/10/2021,45237.48
02/11/2021,47500.90
02/12/2021,47884.18
13/02/2021,47005.19
14/02/2021,49151.17
15/02/2021,48125.99
16/02/2021,48840.41
17/02/2021,52165.30
18/02/2021,51728.51
19/02/2021,55719.20
20/02/2021,54801.65
21/02/2021,57128.64
22/02/2021,54181.91
23/02/2021,48172.88
24/02/2021,48745.43
25/02/2021,48291.41
26/02/2021,45752.11
27/02/2021,46642.61
28/02/2021,45092.81
03/01/2021,49248.91
03/02/2021,47900.78
03/03/2021,50811.86
03/04/2021,48259.49
03/05/2021,49149.73
03/06/2021,48879.15
03/07/2021,50594.70
03/08/2021,51503.26
03/09/2021,54458.04
03/10/2021,56915.17
03/11/2021,57636.76
03/12/2021,57306.17
13/03/2021,60743.04
14/03/2021,60197.90
15/03/2021,56300.33
16/03/2021,56639.78
17/03/2021,58567.28
18/03/2021,57983.09
19/03/2021,58451.73
20/03/2021,58593.60
21/03/2021,57796.47
22/03/2021,54329.36
23/03/2021,54794.30
24/03/2021,52787.75
25/03/2021,52173.87
26/03/2021,54483.05
27/03/2021,56234.36
29/03/2021,55343.93
30/03/2021,57627.68
31/03/2021,58734.48
04/01/2021,58724.66
04/02/2021,58984.61
04/03/2021,58821.63
04/04/2021,57517.80
04/05/2021,58177.40
04/06/2021,58843.56
04/07/2021,58040.19
04/08/2021,56508.94
04/09/2021,57880.91
04/10/2021,58171.91
04/11/2021,59295.95
04/12/2021,59822.90
13/04/2021,59853.20
14/04/2021,63223.88
15/04/2021,62926.56
16/04/2021,63346.79
17/04/2021,61965.78
18/04/2021,60574.44
19/04/2021,56850.83
20/04/2021,56224.10
21/04/2021,56608.77
22/04/2021,54144.43
23/04/2021,51965.06
24/04/2021,50669.14
25/04/2021,50733.77
26/04/2021,48542.95
27/04/2021,53558.71
28/04/2021,55123.86
29/04/2021,54591.52
30/04/2021,53260.30
05/01/2021,57302.65
05/02/2021,57677.98
05/03/2021,56427.04
05/04/2021,57255.31
05/05/2021,53658.84
05/06/2021,57252.70
05/07/2021,56583.85
05/08/2021,57107.12
05/09/2021,58788.21
05/10/2021,58102.19
05/11/2021,55715.55
05/12/2021,56573.56
13/05/2021,52147.82
14/05/2021,49764.13
15/05/2021,50032.69
16/05/2021,47885.63
17/05/2021,45604.62
18/05/2021,43144.47
19/05/2021,43196.05
20/05/2021,39439.24
21/05/2021,39756.09
22/05/2021,36921.77
23/05/2021,37490.94
24/05/2021,34259.55
25/05/2021,38085.79
26/05/2021,38290.45
27/05/2021,38915.00
28/05/2021,38717.77
29/05/2021,34898.01
30/05/2021,34535.52
31/05/2021,35749.66
06/01/2021,36929.48
06/02/2021,36419.75
06/03/2021,37422.57
06/04/2021,38958.49
06/05/2021,37190.10
06/06/2021,34981.38
06/07/2021,35335.68
06/08/2021,34016.57
06/09/2021,33504.26
06/10/2021,37127.19
06/11/2021,36715.05
06/12/2021,37341.59
13/06/2021,35655.16
14/06/2021,38894.56
15/06/2021,40162.32
16/06/2021,40173.20
17/06/2021,38557.48
18/06/2021,37722.02
19/06/2021,35520.45
20/06/2021,35656.30
21/06/2021,35681.13
22/06/2021,31659.54
23/06/2021,32404.33
24/06/2021,33532.26
25/06/2021,34718.47
26/06/2021,31622.09
27/06/2021,31739.29
28/06/2021,34213.01
29/06/2021,34365.19
30/06/2021,35945.79
07/01/2021,34855.64
07/02/2021,33533.50
07/03/2021,33526.85
07/04/2021,34404.93
07/05/2021,35601.87
07/06/2021,34096.89
07/07/2021,34047.55
07/08/2021,34206.49
07/09/2021,32579.67
07/10/2021,33994.68
07/11/2021,33543.70
07/12/2021,34382.65
13/07/2021,33032.38
14/07/2021,32544.84
15/07/2021,33003.81
16/07/2021,31783.17
17/07/2021,31596.29
18/07/2021,31640.92
19/07/2021,31537.81
20/07/2021,30940.29
21/07/2021,29608.60
22/07/2021,32014.44
23/07/2021,32203.37
24/07/2021,33117.75
25/07/2021,34014.62
26/07/2021,34574.67
27/07/2021,37114.30
28/07/2021,38963.92
29/07/2021,39917.45
30/07/2021,39810.52
31/07/2021,41157.15
08/01/2021,41869.55
08/02/2021,40263.34
08/03/2021,39412.72
08/04/2021,38368.17
08/05/2021,39831.04
08/06/2021,40902.48
08/07/2021,42608.54
08/08/2021,44095.74
08/09/2021,44294.31
08/10/2021,45990.91
08/11/2021,45576.89
08/12/2021,45793.32
13/08/2021,44078.76
14/08/2021,47654.73
15/08/2021,47004.36
16/08/2021,47144.84
17/08/2021,46181.73
18/08/2021,44887.24
19/08/2021,44811.63
20/08/2021,46395.80
21/08/2021,49061.85
22/08/2021,49270.20
23/08/2021,48971.61
24/08/2021,49593.08
25/08/2021,48190.95
26/08/2021,48907.53
27/08/2021,47329.15
28/08/2021,49033.33
29/08/2021,48768.19
30/08/2021,49184.21
31/08/2021,47663.02
09/01/2021,46919.51
09/02/2021,48487.01
09/03/2021,49725.53
09/04/2021,49709.61
09/05/2021,49999.56
09/06/2021,51693.81
09/07/2021,52506.69
09/08/2021,46897.60
09/09/2021,46769.31
09/10/2021,46404.36
09/11/2021,44720.76
09/12/2021,45253.13
13/09/2021,45510.56
14/09/2021,45097.80
15/09/2021,47039.95
16/09/2021,48125.12
17/09/2021,47648.50
18/09/2021,47305.81
19/09/2021,48020.76
20/09/2021,47128.94
21/09/2021,43831.21
22/09/2021,41139.26
23/09/2021,43478.47
24/09/2021,44755.57
25/09/2021,42877.96
26/09/2021,42771.93
27/09/2021,43572.08
28/09/2021,43136.58
29/09/2021,41734.57
30/09/2021,41412.61
10/01/2021,43718.38
10/02/2021,47797.70
10/03/2021,48083.44
10/04/2021,48085.05
10/05/2021,48794.21
10/06/2021,51459.09
10/07/2021,55029.87
10/08/2021,53770.28
10/09/2021,54203.30
10/10/2021,54854.88
10/11/2021,54712.72
10/12/2021,57284.92
13/10/2021,56304.24
14/10/2021,57517.12
15/10/2021,57559.06
16/10/2021,61273.81
17/10/2021,60744.98
18/10/2021,60965.47
19/10/2021,61707.48
20/10/2021,63901.07
21/10/2021,65972.86
22/10/2021,62603.58
23/10/2021,60689.24
24/10/2021,61124.35
25/10/2021,60936.15
26/10/2021,63004.38
27/10/2021,60399.73
28/10/2021,58602.20
29/10/2021,60619.27
30/10/2021,62302.71
31/10/2021,61374.28
11/01/2021,61200.23
11/06/2021,61469.97
11/07/2021,62924.52
11/08/2021,67633.65
11/09/2021,67292.14
